"Trimestre","Centre","1er","2e","3e","4e","5e","6e","7e","8e","9e","10e","11e","12e","13e","14e","15e","16e","17e","18e","19e","20e"
"T3 2025","11240€","12 020 €","11 310 €","12340€","12750€","11 410 €","14010€","13 180 €","12 190 €","10 340 €","9 040 €","9560€","8700€","8720€","9240€","8 960 €","10 250 €","9 340 €","8550€","7 850 €","8290€"
"T2 2025","11 370 €","11 830 €","10 870 €","12760€","12680€","11 350 €","13 310 €","12830€","11710€","10 110 €","8870€","9290€","8500€","8500€","9 060 €","8880€","10 040 €","9 280 €","8410€","7 430 €","8 070 €"
"T1 2025","11 540 €","12740€","11 400 €","12 280 €","13 030 €","11 180 €","13270€","12550€","11690€","9 960 €","9 050 €","9 360 €","8 480 €","8 350 €","8 850 €","8720€","10 180 €","9 330 €","8 450 €","7 530 €","8 100 €"
"T4 2024","11 300 €","12 180 €","11 580 €","12 040 €","12390€","11 070 €","13 460 €","12 420 €","11760€","9650€","8780€","9220€","8410€","8530€","8 840 €","8900€","10 160 €","9 260 €","8380€","7 590 €","8 080 €"
"T3 2024","11 910 €","12 960 €","11 420 €","11 720 €","12 290 €","11690€","13 600 €","13 480 €","11 000 €","10 190 €","9 020 €","9 470 €","8 350 €","8 330 €","8790€","8780€","10 010 €","9520€","8570€","7710€","8040€"
"T2 2024","12 180 €","13570€","11 720 €","11 850 €","12 640 €","11650€","13 910 €","13 200 €","11230€","10 150 €","8820€","9470€","8 370 €","8 250 €","8 820 €","8710€","10 110 €","9 280 €","8 490 €","7 540 €","7 880 €"
"T1 2024","12 400 €","13110€","11 760 €","11 980 €","13 380 €","11670€","13 550 €","13250€","11240€","9 750 €","9 170 €","9 420 €","8 490 €","8 300 €","8870€","8 910 €","10 000 €","9 350 €","8 600 €","7670€","8 050 €"
"T4 2023","12630€","13550€","11 830 €","12570€","13 080 €","12 000 €","13840€","13 190 €","11230€","10 120 €","9330€","9740€","8670€","8 340 €","9 140 €","9 170 €","10 440 €","9 570 €","8780€","7 930 €","8 190 €"
"T3 2023","12680€","13790€","11650€","12610€","13 060 €","12 340 €","14 060 €","13 550 €","11580€","10 460 €","9550€","9 970 €","9 050 €","8750€","9240€","9 390 €","10 510 €","10 070 €","9220€","8 350 €","8540€"
"T2 2023","12650€","13 190 €","12140€","12 590 €","13220€","12550€","14010€","13620€","11 890 €","10 600 €","9640€","10 010 €","9 040 €","8730€","9240€","9 330 €","10 660 €","10 080 €","9140€","8 360 €","8700€"
"T1 2023","12930€","14140€","11 810 €","12750€","13 920 €","12610€","14 580 €","13740€","11 460 €","10 850 €","9760€","10 200 €","9 350 €","8 990 €","9 640 €","9 500 €","10 940 €","10 180 €","9 350 €","8500€","8720€"
"T4 2022","13 020 €","14770€","12 100 €","13 120 €","13 110 €","12710€","14 350 €","13 800 €","11 550 €","10 960 €","9 900 €","10 300 €","9 500 €","9 490 €","9670€","9 840 €","11040€","10 330 €","9 470 €","8750€","8920€"
"T3 2022","12 950 €","13650€","12 040 €","12 860 €","13640€","12 630 €","14410€","14 160 €","11 820 €","10 940 €","10 120 €","10 690 €","9 600 €","9 370 €","9 910 €","9 930 €","11230€","10 530 €","9 700 €","8 930 €","9 140 €"
"T2 2022","12830€","13870€","12 340 €","12 600 €","13 210 €","12 920 €","14 460 €","14 080 €","12 040 €","10 880 €","10 260 €","10 490 €","9590€","9 260 €","10 010 €","9 840 €","10 890 €","10 480 €","9800€","8750€","9 100 €"
"T1 2022","12680€","13240€","11 970 €","12 630 €","13 300 €","12870€","14110€","13 330 €","11640€","10 870 €","10 080 €","10 460 €","9630€","9 180 €","10 090 €","9 910 €","10 880 €","10 360 €","9650€","8880€","9 070 €"
"T4 2021","12 560 €","13650€","11 830 €","12 900 €","12 720 €","12650€","13 960 €","13290€","11 920 €","10 780 €","10 140 €","10 450 €","9730€","9 190 €","10 020 €","10 070 €","10 830 €","10 470 €","9 800 €","8 910 €","9360€"
"T3 2021","13 080 €","13 080 €","12440€","13 150 €","13710€","12 860 €","14 020 €","13850€","11250€","11 190 €","10 300 €","10 620 €","9 900 €","9 560 €","10 300 €","10 110 €","11070€","10 860 €","10 080 €","9240€","9290€"
"T2 2021","13290€","14330€","12210€","12 980 €","13 910 €","13 070 €","13 430 €","13 340 €","11 550 €","10880€","10 100 €","10 540 €","9790€","9 320 €","10 210 €","10 100 €","10 850 €","10 700 €","10 110 €","9220€","9240€"
"T1 2021","12880€","13 530 €","12 010 €","12730€","13790€","12 260 €","13820€","13 050 €","11 490 €","10 980 €","10 210 €","10 600 €","9650€","9 470 €","10 150 €","9 980 €","11 010 €","10770€","10 090 €","9110€","9280€"
"T4 2020","13170€","13 250 €","12 620 €","12 940 €","13710€","13 480 €","13810€","13 010 €","11620€","11 260 €","10 370 €","10 760 €","9 760 €","9620€","10 290 €","10 150 €","11 160 €","10 690 €","10 250 €","9 160 €","9390€"
"T3 2020","13 280 €","14110€","12510€","12 990 €","13710€","12850€","13 780 €","13 500 €","11270€","10 960 €","10 330 €","10 820 €","9890€","9560€","10 380 €","10 270 €","11 220 €","10 890 €","10 140 €","9010€","9 490 €"
"T2 2020","13 180 €","12920€","12620€","13 260 €","13670€","12 800 €","13 550 €","13 490 €","11 480 €","10 800 €","10 230 €","10 510 €","9810€","9 320 €","10 260 €","10 130 €","11 010 €","10 790 €","9 960 €","8970€","9 370 €"
"T1 2020","12690€","12 920 €","11 830 €","12870€","13 060 €","12760€","13750€","12920€","11 220 €","10 780 €","10 080 €","10 220 €","9580€","9 230 €","10 030 €","9880€","10 800 €","10 590 €","9 690 €","9 000 €","8980€"
"T4 2019","12870€","13 400 €","11 760 €","12 790 €","13670€","12 590 €","13 150 €","12 980 €","10 830 €","10 790 €","9 700 €","10 100 €","9 320 €","9110€","9 840 €","9 580 €","10 590 €","10 210 €","9 660 €","8580€","8 900 €"
"T3 2019","12 500 €","12 660 €","11 180 €","12 700 €","13 130 €","12 290 €","13 400 €","12 930 €","10 950 €","10 680 €","9 580 €","10 040 €","9 170 €","9 070 €","9770€","9 620 €","10 390 €","10 060 €","9 420 €","8 470 €","8620€"
"T2 2019","12 500 €","12 490 €","11 860 €","12480€","12990€","12 220 €","13250€","12 540 €","10 820 €","10 280 €","9 490 €","9 850 €","8820€","8540€","9 690 €","9390€","10 220 €","9 940 €","9 180 €","8210€","8 430 €"
"T1 2019","12140€","11970€","11570€","11820€","13 060 €","11730€","13 060 €","12540€","10710€","9 910 €","9 320 €","9 600 €","8 630 €","8590€","9 220 €","9 180 €","10 110 €","9740€","8910€","8 310 €","8 250 €"
"T4 2018","12 230 €","12 050 €","11 050 €","12 250 €","13 360 €","11 600 €","12770€","12280€","10 500 €","9710€","9 050 €","9 360 €","8 660 €","8510€","9 140 €","9110€","10 000 €","9 630 €","8740€","7 950 €","8 120 €"
"T3 2018","11 820 €","12 780 €","11 360 €","11 300 €","12750€","11 800 €","13 000 €","12 350 €","10 590 €","10 150 €","8860€","9590€","8710€","8610€","9 350 €","9 360 €","10 060 €","9610€","8880€","7 800 €","8 230 €"
"T2 2018","11 580 €","12 270 €","11250€","11 150 €","12 340 €","11290€","12 640 €","12310€","9 900 €","10 020 €","8 840 €","9210€","8 650 €","8 330 €","9 440 €","9 180 €","9850€","9 420 €","8570€","7 720 €","7 930 €"
"T1 2018","11 330 €","12 050 €","11 120 €","11 020 €","11 860 €","11 420 €","12 600 €","11 810 €","10 000 €","9 580 €","8 460 €","9 020 €","8 330 €","8 250 €","8 970 €","8990€","9 590 €","9 340 €","8 300 €","7 340 €","7 730 €"
"T4 2017","11160€","11 560 €","10 890 €","11 170 €","11 540 €","11 100 €","12 360 €","11 530 €","9 900 €","9 560 €","8510€","9 000 €","8330€","8 250 €","9 080 €","9 170 €","9730€","9 120 €","8280€","7 360 €","7770€"
"T3 2017","11130€","11 380 €","10 590 €","11020€","11 840 €","11 210 €","12 020 €","11 980 €","10 000 €","9 450 €","8 430 €","8940€","8 370 €","8 280 €","8710€","9 040 €","9 480 €","9 080 €","8320€","7 050 €","7 610 €"
"T2 2017","10 750 €","11 060 €","10 080 €","10 310 €","11 990 €","11 010 €","12 090 €","11690€","9 910 €","9 260 €","8 150 €","8 680 €","8 080 €","8 090 €","8880€","8710€","9 320 €","8820€","7770€","6 940 €","7 200 €"
"T1 2017","10 750 €","11 410 €","9830€","10 490 €","11630€","11 040 €","11730€","10 720 €","9 900 €","8 910 €","7 990 €","8 320 €","7 930 €","7770€","8550€","8 500 €","8 900 €","8 500 €","7 660 €","6 790 €","7 250 €"
"T4 2016","10 380 €","10 250 €","9630€","10 260 €","11 310 €","10 720 €","11240€","11 130 €","9210€","8 600 €","7 800 €","8270€","7 780 €","7 920 €","8 450 €","8 410 €","8 850 €","8 460 €","7 640 €","6 720 €","7 060 €"
"T3 2016","10 410 €","10 860 €","9 920 €","9740€","11 550 €","10 510 €","11 250 €","11 060 €","9270€","8750€","7 740 €","8 110 €","7 740 €","7 610 €","8 320 €","8 450 €","8 860 €","8 300 €","7 510 €","6 860 €","7 090 €"
"T2 2016","10 230 €","10 630 €","9 230 €","9 960 €","11 300 €","10 390 €","11 330 €","11230€","9280€","8 430 €","7380€","8010€","7 500 €","7 450 €","8 460 €","8 260 €","8750€","8 170 €","7310€","6 480 €","6820€"
"T1 2016","10 060 €","10 390 €","9670€","9610€","11 330 €","9 910 €","11 370 €","11 070 €","8980€","8270€","7 540 €","7870€","7 450 €","7 560 €","8 300 €","8 170 €","8 690 €","8 030 €","7 230 €","6 280 €","6810€"
"T4 2015","10 050 €","11 030 €","9290€","9 550 €","11130€","10 300 €","11160€","10 860 €","9 060 €","8 300 €","7 450 €","7 840 €","7 470 €","7 470 €","8270€","8 130 €","8570€","7 970 €","7 160 €","6 390 €","6710€"
"T3 2015","10 120 €","10 500 €","9 560 €","9820€","11 520 €","9 940 €","11 560 €","10810€","9 130 €","8500€","7 310 €","7 940 €","7 680 €","7 390 €","8 370 €","8 270 €","8610€","8 060 €","7210€","6 540 €","6810€"
"T2 2015","9810€","9870€","9610€","9670€","10 830 €","9850€","12 020 €","10 960 €","9530€","8 230 €","7 380 €","7770€","7 430 €","7 260 €","8 150 €","8 020 €","8500€","7 950 €","7 160 €","6 420 €","6710€"
"T1 2015","9 620 €","9 910 €","9 450 €","9 690 €","10 280 €","9780€","11 430 €","10 350 €","9 060 €","8 340 €","7 400 €","7 810 €","7 540 €","7 290 €","8 170 €","8 230 €","8 600 €","8 020 €","6 990 €","6 580 €","6 840 €"
"T4 2014","9810€","10 690 €","9 380 €","9620€","10 730 €","10 540 €","11 020 €","11 010 €","9 170 €","8 450 €","7 200 €","7 800 €","7 460 €","7 580 €","8 250 €","8 300 €","8 660 €","7940€","7070€","6 570 €","6810€"
"T3 2014","9870€","10 060 €","9 190 €","9850€","11250€","9 970 €","11 810 €","11 060 €","9330€","8370€","7370€","7 910 €","7 750 €","7 730 €","8510€","8360€","8870€","8 140 €","7 130 €","6710€","6880€"
"T2 2014","10 140 €","10 640 €","10 000 €","9830€","11 220 €","10 110 €","11530€","11 070 €","9320€","8640€","7370€","8 000 €","7770€","7 630 €","8 180 €","8 350 €","8 950 €","8210€","7 200 €","6 660 €","6810€"
"T1 2014","10 000 €","9820€","9 620 €","9 960 €","11 070 €","9 990 €","11780€","11 060 €","10 090 €","8 260 €","7 670 €","7 970 €","7 690 €","7 690 €","8 350 €","8 350 €","8780€","8 190 €","7 060 €","6 680 €","6870€"
"T4 2013","10 040 €","10 280 €","9 460 €","9 720 €","11 350 €","10 050 €","12 190 €","11430€","9 600 €","8290€","7 460 €","7 960 €","7 700 €","7 600 €","8 330 €","8 450 €","9 020 €","8 030 €","7250€","6 650 €","6870€"

"Trimestre","Centre","1er","2e","3e","4e","5e","6e","7e","8e","9e","10e","11e","12e","13e","14e","15e","16e","17e","18e","19e","20e"
"T3 2013","10 190 €","10 130 €","9 700 €","10 220 €","11 000 €","10 250 €","11740€","11100€","9 400 €","8 650 €","7 430 €","7 940 €","7810€","7 870 €","8580€","8540€","9 120 €","8 260 €","7 180 €","6820€","7070€"
"T2 2013","10 270 €","9870€","9570€","10 200 €","11620€","10 210 €","12 080 €","11240€","9290€","8410€","7 420 €","7 990 €","7 830 €","7 700 €","8 380 €","8610€","9 060 €","8 210 €","7 200 €","6 600 €","6 840 €"
"T1 2013","10 240 €","11 130 €","9760€","10 340 €","10 670 €","10 450 €","12 030 €","10 980 €","9 930 €","8 390 €","7 300 €","7 940 €","7 860 €","7 840 €","8710€","8 400 €","9 160 €","8 370 €","7 340 €","6760€","7 100 €"
"T4 2012","10 290 €","10 560 €","9800€","10 320 €","11 060 €","10 370 €","12770€","11 360 €","9640€","8 300 €","7 640 €","8 120 €","7 860 €","7740€","8570€","8550€","9 160 €","8 460 €","6 980 €","6 670 €","6 840 €"
"T32012","10 440 €","10 860 €","9 250 €","10 540 €","10 980 €","10 460 €","12 450 €","11 480 €","9880€","8680€","7 500 €","8 090 €","7 820 €","7 850 €","8590€","8 660 €","9 590 €","8570€","7270€","6760€","7070€"
"T2 2012","10 390 €","10 920 €","9 760 €","10 170 €","10 830 €","10 610 €","12510€","11 920 €","9880€","8 460 €","7 500 €","8 090 €","7 690 €","7 950 €","8 490 €","8560€","9 240 €","8 450 €","7 380 €","6 630 €","6 840 €"
"T1 2012","10 220 €","10 700 €","9 130 €","10 040 €","11 070 €","10 310 €","11 930 €","11 980 €","10 020 €","8 420 €","7 150 €","8010€","7 750 €","7 640 €","8560€","8500€","9 140 €","8 320 €","7 310 €","6 570 €","6790€"
"T4 2011","10 190 €","10 460 €","9 600 €","10 320 €","10 280 €","10 180 €","12 490 €","11 810 €","10 120 €","8750€","7 140 €","7 950 €","7 720 €","7 720 €","8 630 €","8 600 €","9 310 €","8 400 €","7 380 €","6 520 €","7 120 €"
"T3 2011","10 260 €","10 860 €","9 430 €","10 030 €","10 980 €","10 620 €","12220€","11 900 €","10 100 €","8 630 €","7 400 €","7 930 €","7 830 €","7 680 €","8560€","8570€","9 200 €","8550€","7 310 €","6 650 €","7 130 €"
"T2 2011","10 190 €","10 660 €","9240€","9560€","11 160 €","10 240 €","11 940 €","11630€","9280€","8 230 €","7 300 €","7 730 €","7 610 €","7 580 €","8 280 €","8 340 €","9 120 €","8 150 €","7090€","6 440 €","6740€"
"T1 2011","9 600 €","9 930 €","8700€","9590€","10 220 €","9 660 €","11 500 €","11 370 €","9 310 €","7670€","6810€","7 460 €","7 210 €","7 120 €","7 990 €","7 840 €","8770€","7780€","6 660 €","6 300 €","6330€"
"T4 2010","8880€","9510€","8 290 €","8 440 €","9 200 €","9 230 €","10880€","10 410 €","8 890 €","7 430 €","6 290 €","7 050 €","6770€","6810€","7 690 €","7 470 €","8 190 €","7 390 €","6 450 €","5770€","6 120 €"
"T3 2010","8810€","9 300 €","8010€","8 480 €","9510€","9 040 €","10 330 €","9 630 €","8 080 €","6 920 €","6 220 €","6 690 €","6 540 €","6 650 €","7 180 €","7 260 €","7 700 €","7 010 €","6220€","5 690 €","5870€"
"T2 2010","8 160 €","8910€","7 150 €","8 020 €","8 490 €","8 380 €","9880€","9 440 €","7 990 €","6 640 €","5 800 €","6 410 €","6 120 €","6 250 €","6 910 €","6 820 €","7 470 €","6 660 €","5890€","5 310 €","5 560 €"
"T1 2010","8 070 €","8540€","7 210 €","7 620 €","8760€","8020€","9 480 €","9 170 €","8 080 €","6 410 €","5740€","6 060 €","6040€","6010€","6 520 €","6 570 €","7170€","6 380 €","5 630 €","5 140 €","5 360 €"
"T4 2009","7 720 €","8390€","6 780 €","7 450 €","8510€","7 850 €","8980€","8790€","8 150 €","6110€","5 340 €","5910€","5750€","5720€","6 530 €","6 320 €","6790€","6240€","5390€","4870€","5250€"
"T3 2009","7 600 €","8 030 €","7 150 €","7 490 €","8 350 €","7 830 €","9 430 €","8860€","7 450 €","6 100 €","5 370 €","5 950 €","5790€","5 840 €","6 470 €","6 260 €","6880€","6 070 €","5 410 €","4 930 €","5210€"
"T2 2009","7 250 €","7 980 €","6 910 €","6830€","8 120 €","7 950 €","9220€","8 660 €","7 300 €","6 120 €","5240€","5 700 €","5750€","5710€","6 340 €","6 200 €","6 780 €","5 970 €","5250€","4 750 €","5050€"
"T1 2009","7 950 €","8560€","7 500 €","7 620 €","8520€","7 640 €","9 950 €","9210€","7 430 €","6 400 €","5 500 €","5 930 €","5 840 €","5 880 €","6 570 €","6 400 €","7 080 €","6 280 €","5 460 €","4 920 €","5 120 €"
"T4 2008","7 920 €","7 900 €","7 450 €","7 620 €","8 900 €","8 340 €","9670€","9 370 €","7 910 €","6 480 €","5 700 €","6 090 €","5 930 €","6 120 €","6750€","6 640 €","7 270 €","6 370 €","5 600 €","5 120 €","5 490 €"
"T3 2008","8 140 €","8860€","7 360 €","8 140 €","8620€","8 460 €","10 160 €","9 460 €","8560€","6 440 €","5760€","6 230 €","6 200 €","6 140 €","6 980 €","6710€","7570€","6 500 €","5850€","5 320 €","5 460 €"
"T2 2008","8 030 €","8 220 €","7 410 €","7 950 €","8890€","8 190 €","9770€","9 340 €","7 740 €","6 390 €","5 720 €","6 200 €","6 090 €","6 080 €","6810€","6770€","7 390 €","6 480 €","5 680 €","5290€","5 460 €"
"T1 2008","7870€","8790€","7 020 €","7 850 €","8290€","7 970 €","9820€","9280€","7 900 €","6 320 €","5 560 €","6 020 €","5 860 €","5 940 €","6 690 €","6 580 €","7 280 €","6 280 €","5 520 €","5170€","5 400 €"
"T4 2007","7 810 €","8 310 €","7 120 €","7 820 €","8 420 €","7 720 €","9 460 €","9 000 €","8 080 €","6 190 €","5 440 €","5 960 €","6010€","5 940 €","6 420 €","6 550 €","7 130 €","6240€","5 530 €","5 120 €","5 400 €"
"T3 2007","7 580 €","7 950 €","6770€","7 590 €","8 180 €","7 970 €","9 160 €","8710€","7 460 €","6040€","5 400 €","5860€","5790€","5 980 €","6 440 €","6 470 €","7 000 €","6 150 €","5 370 €","4 990 €","5280€"
"T2 2007","7 240 €","7 330 €","6 600 €","7 320 €","7 750 €","7570€","8 350 €","8720€","7 030 €","5 930 €","5210€","5 600 €","5710€","5730€","6 200 €","6 260 €","6730€","5 860 €","5290€","4 780 €","5090€"
"T1 2007","7170€","7 090 €","6 450 €","7 420 €","7 590 €","7 490 €","8820€","8 190 €","7 510 €","5710€","5 090 €","5 530 €","5 580 €","5 520 €","6 090 €","6 170 €","6 500 €","5 840 €","5 150 €","4 700 €","5010€"
"T4 2006","6870€","6 930 €","6 620 €","6750€","7 530 €","7040€","8 440 €","7 890 €","6920€","5550€","5 000 €","5 400 €","5 490 €","5 450 €","6 030 €","6 060 €","6 490 €","5 590 €","5 120 €","4670€","4830€"
"T3 2006","7 000 €","7 180 €","6520€","6 900 €","7 760 €","7 360 €","8 200 €","7 640 €","6 500 €","5 630 €","4 940 €","5 390 €","5 380 €","5 500 €","6 050 €","5 940 €","6 260 €","5 570 €","5030€","4 560 €","4 800 €"
"T2 2006","6 570 €","6 960 €","6 130 €","6 520 €","7 180 €","7 030 €","7 880 €","7 660 €","6 080 €","5 300 €","4740€","5240€","5 230 €","5 350 €","5 880 €","5 760 €","6 120 €","5 420 €","4790€","4 380 €","4 720 €"
"T1 2006","6 520 €","6 700 €","6 210 €","6 220 €","7 300 €","6810€","7 780 €","7 390 €","6 260 €","5170€","4650€","5 120 €","5 090 €","5240€","5710€","5 630 €","5 960 €","5 380 €","4620€","4 310 €","4540€"
"T4 2005","6 260 €","6 610 €","5740€","6 170 €","6 890 €","6850€","7 310 €","7 160 €","5 920 €","5110€","4 580 €","5010€","4 930 €","5 090 €","5610€","5 660 €","5 960 €","5 160 €","4570€","4 130 €","4 400 €"
"T3 2005","6 180 €","6 170 €","5 700 €","5 980 €","7 120 €","6510€","7560€","7110€","5 940 €","4 980 €","4 440 €","4 960 €","4 860 €","4 990 €","5 530 €","5 540 €","5 640 €","5170€","4 490 €","4 060 €","4290€"
"T2 2005","5870€","6 150 €","5560€","5790€","6 380 €","6 170 €","7 340 €","6 860 €","5730€","4770€","4 160 €","4690€","4640€","4740€","5 350 €","5 140 €","5610€","4 900 €","4220€","3860€","3980€"
"T1 2005","5830€","6 030 €","5 440 €","5750€","6 370 €","6 190 €","6830€","6 450 €","5 600 €","4620€","4 110 €","4 480 €","4510€","4 650 €","5110€","4 950 €","5 370 €","4 750 €","4 050 €","3590€","3 960 €"
"T4 2004","5 720 €","6510€","5240€","5 380 €","6 560 €","6 220 €","6 660 €","6 330 €","5 530 €","4 330 €","3860€","4 280 €","4 350 €","4 490 €","4 830 €","4 850 €","5280€","4 560 €","3840€","3490€","3740€"
"T3 2004","5 360 €","6 090 €","4970€","5 340 €","5 660 €","6 080 €","6750€","6270€","5 090 €","4 400 €","3680€","4 220 €","4270€","4 410 €","4 880 €","4 750 €","5 150 €","4 390 €","3730€","3 420 €","3680€"
"T2 2004","5150€","5 690 €","4 720 €","4 960 €","5880€","5800€","6 580 €","6 370 €","5 360 €","4170€","3560€","4 020 €","4 030 €","4 130 €","4 660 €","4590€","5 100 €","4290€","3540€","3210€","3440€"
"T1 2004","5060€","5610€","4 650 €","4830€","5740€","5790€","6 460 €","6010€","5 160 €","3920€","3290€","3810€","4 000 €","3970€","4 560 €","4 430 €","4 890 €","4050€","3350€","3010€","3330€"
"T4 2003","4 880 €","5 100 €","4610€","4810€","5550€","5 450 €","6110€","5770€","5110€","3760€","3260€","3760€","3770€","4050€","4 320 €","4 300 €","4 720 €","3950€","3290€","3000€","3150€"
"T3 2003","4 660 €","4 700 €","4 150 €","4550€","5 320 €","5240€","6070€","5780€","5 080 €","3820€","3 320 €","3530€","3660€","3880€","4 160 €","4 280 €","4830€","3 950 €","3130€","2 950 €","3110€"
"T2 2003","4520€","4 750 €","4 320 €","4 250 €","5 080 €","5220€","6 000 €","5 430 €","4 900 €","3670€","3070€","3470€","3600€","3700€","4 170 €","4030€","4620€","3710€","2980€","2800€","2900€"
"T1 2003","4 360 €","4 860 €","4090€","3830€","5140€","5030€","6 150 €","5 690 €","4890€","3610€","3080€","3240€","3400€","3480€","3930€","3940€","4 600 €","3610€","2840€","2670€","2790€"
"T4 2002","4 300 €","5010€","3840€","3970€","4 950 €","4750€","5860€","5 380 €","4670€","3460€","2 960 €","3250€","3390€","3390€","3850€","3810€","4570€","3430€","2730€","2590€","2730€"
"T3 2002","4 280 €","4710€","3940€","3950€","4 940 €","4680€","5580€","5020€","4 450 €","3440€","2760€","3200€","3190€","3380€","3790€","3760€","4 440 €","3 480 €","2 690 €","2570€","2590€"
"T2 2002","3920€","4210€","3390€","3730€","4470€","4560€","5 430 €","5210€","4740€","3280€","2 680 €","2990€","3180€","3140€","3600€","3570€","4230€","3 300 €","2610€","2410€","2510€"
"T1 2002","3940€","3720€","3580€","3650€","4 660 €","4 340 €","5210€","4870€","4440€","3230€","2550€","2900€","3000€","3 100 €","3540€","3480€","4 160 €","3230€","2510€","2340€","2450€"
"T4 2001","3830€","3940€","3440€","3610€","4 320 €","4470€","5 400 €","4940€","4270€","3170€","2540€","2900€","2950€","3090€","3470€","3460€","4220€","3 160 €","2 450 €","2320€","2380€"

"Trimestre","Centre","1er","2e","3e","4e","5e","6e","7e","8e","9e","10e","11e","12e","13e","14e","15e","16e","17e","18e","19e","20e"
"T3 2001","3810€","4 150 €","3350€","3560€","4 480 €","4310€","5220€","5090€","4 330 €","3220€","2550€","2880€","3020€","3090€","3410€","3450€","4 130 €","3160€","2 460 €","2320€","2 400 €"
"T2 2001","3650€","3930€","3200€","3 600 €","4010€","4210€","5110€","4 760 €","4210€","3130€","2390€","2740€","2890€","2890€","3 440 €","3 360 €","4 030 €","3020€","2 360 €","2 200 €","2310€"
"T1 2001","3740€","3780€","3290€","3 460 €","4 420 €","4 170 €","5 180 €","4 860 €","4 000 €","3040€","2 300 €","2730€","2810€","2 900 €","3230€","3240€","3980€","3140€","2350€","2140€","2210€"
"T4 2000","3 420 €","3500€","3020€","3290€","4 110 €","4090€","5 050 €","4 720 €","3910€","2880€","2240€","2 600 €","2740€","2770€","3200€","3240€","3870€","2990€","2310€","2 150 €","2230€"
"T3 2000","3 560 €","3690€","3090€","3430€","4290€","3940€","4870€","4650€","3710€","2900€","2310€","2710€","2 630 €","2780€","3230€","3250€","3840€","2930€","2140€","2120€","2220€"
"T2 2000","3 460 €","3900€","2790€","3340€","4 080 €","3850€","4610€","4 660 €","3630€","2700€","2 180 €","2570€","2 640 €","2 660 €","3250€","3080€","3780€","2910€","2120€","2050€","2130€"
"T1 2000","3290€","3580€","2790€","3100€","4 020 €","3790€","4 440 €","4 230 €","3480€","2520€","2190€","2 460 €","2530€","2 560 €","3040€","3 060 €","3720€","2 640 €","2100€","1940€","2180€"
"T4 1999","3030€","3 370 €","2580€","3040€","3560€","3580€","4 490 €","4 190 €","3380€","2620€","2010€","2330€","2 400 €","2 460 €","2 930 €","2 940 €","3470€","2710€","1980€","1 880 €","2 060 €"
"T3 1999","2 950 €","3140€","2 480 €","2840€","3620€","3530€","4 350 €","4 080 €","3290€","2 450 €","2 030 €","2290€","2410€","2 440 €","2 950 €","2820€","3410€","2520€","1 980 €","1 910 €","2030€"
"T2 1999","2930€","3410€","2 650 €","2 680 €","3440€","3 340 €","3840€","3920€","3030€","2 400 €","1 840 €","2 200 €","2210€","2 340 €","2760€","2710€","3230€","2 490 €","1 850 €","1 810 €","1940€"
"T1 1999","2820€","3030€","2 440 €","2 690 €","3350€","3210€","4 260 €","3940€","3 100 €","2 290 €","1 890 €","2 100 €","2270€","2 270 €","2 650 €","2 650 €","3210€","2330€","1850€","1750€","1830€"
"T4 1998","2770€","2900€","2 490 €","2520€","3440€","3270€","3680€","3700€","3040€","2 280 €","1 800 €","2 080 €","2190€","2210€","2590€","2 600 €","2 970 €","2340€","1830€","1750€","1 810 €"
"T3 1998","2 640 €","2 780 €","2 360 €","2530€","3190€","3140€","3770€","3630€","2790€","2210€","1760€","2 060 €","2 200 €","2 260 €","2 680 €","2550€","3040€","2330€","1810€","1720€","1830€"
"T2 1998","2 610 €","2580€","2 360 €","2620€","3050€","3060€","3650€","3640€","2770€","2 190 €","1780€","2010€","2 150 €","2230€","2540€","2550€","2 990 €","2 300 €","1740€","1740€","1830€"
"T1 1998","2 630 €","3010€","2330€","2 490 €","3120€","3120€","3600€","3240€","2710€","2 160 €","1 700 €","1940€","2 100 €","2 130 €","2 600 €","2520€","3000€","2 260 €","1750€","1680€","1780€"
"T4 1997","2 600 €","2880€","2280€","2510€","3130€","3140€","3570€","3 300 €","2810€","2120€","1 830 €","1 980 €","2 080 €","2240€","2590€","2580€","2 950 €","2250€","1790€","1710€","1870€"
"T3 1997","2710€","2 690 €","2 490 €","2 600 €","3030€","3070€","3270€","3220€","3350€","2120€","1680€","2010€","2 060 €","2 190 €","2550€","2570€","2840€","2 280 €","1 860 €","1 810 €","1770€"
"T2 1997","2 680 €","3010€","2 160 €","2 640 €","3070€","3030€","3760€","3330€","3 160 €","2 060 €","1640€","1 980 €","2 060 €","2 200 €","2 450 €","2520€","3010€","2230€","1770€","1810€","1 810 €"
"T1 1997","2 640 €","2880€","2 360 €","2 480 €","2970€","3080€","3490€","3 360 €","3 160 €","1950€","1650€","1970€","2040€","2170€","2 440 €","2500€","2850€","2250€","1750€","1 800 €","1850€"
"T4 1996","2 650 €","2 960 €","2320€","2510€","2 960 €","3060€","3 370 €","3250€","3230€","2 160 €","1670€","2040€","2110€","2 360 €","2 600 €","2590€","2 940 €","2410€","1830€","1830€","1 930 €"
"T3 1996","2790€","3220€","2390€","2570€","3070€","3260€","3 480 €","3330€","3410€","2120€","1750€","2 060 €","2130€","2 330 €","2590€","2630€","2 940 €","2 370 €","1890€","1 830 €","1 880 €"
"T2 1996","2710€","2720€","2 440 €","2 430 €","3 150 €","3090€","3430€","3 370 €","3150€","2210€","1690€","2 080 €","2210€","2 330 €","2670€","2590€","3000€","2410€","1940€","1890€","1930€"
"T1 1996","2 780 €","3080€","2 470 €","2 630 €","3030€","3130€","3610€","3340€","3560€","2240€","1780€","2110€","2 160 €","2 430 €","2520€","2 630 €","3050€","2410€","1930€","1890€","1950€"
"T4 1995","2940€","3760€","2220€","2670€","3170€","3240€","3860€","3830€","3520€","2 200 €","1 800 €","2 200 €","2240€","2 360 €","2590€","2730€","3 160 €","2 500 €","1 900 €","1930€","1970€"